Municipios;Populacao;2012					Municipios; Populacao;2021
 
Afonso Claudio;30.919;						Afonso Claudio;30.326

Agua Doce do Norte;11.624;					Agua Doce do Norte;9.621

Aguia Branca;9.507;						Aguia Branca;10.801
	
Alegre;30.626;							Alegre;29.869

Alfredo Chaves;14.007;						Alfredo Chaves;14.670

Alto Rio Novo;7.371;						Alto Rio Novo;7.911

Anchieta;24.616;						Anchieta;30.285

Apiaca;7.497;							Apiaca;7.542

Aracruz;84.429;							Aracruz;104.942

Atilio Vivacqua;10.080;						Atilio Vivacqua;12.270

Baixo Guandu;29.272;						Baixo Guandu;31.263

Barra de Sao Francisco;41.110;					Barra de Sao Francisco;45.301

Boa Esperanca;14.278;						Boa Esperanca;15.146

Bom Jesus do Norte;9.514;					Bom Jesus do Norte;9.988

Brejetuba;11.950;						Brejetuba;12.450

Cachoeiro de Itapemirim;192.156;				Cachoeiro de Itapemirim;212.172

Cariacica;352.431;						Cariacica;386.495

Castelo;35.048;							Castelo;37.956

Colatina;113.054;						Colatina;124.283

Conceicao da Barra;28.745;					Conceicao da Barra;31.479

Conceicao do Castelo;11.798;					Conceicao do Castelo;12.887

Divino de Sao Lourenco;4.471;					Divino de Sao Lourenco;4.236

Domingos Martins;32.042;					Domingos Martins;34.120

Dores do Rio Preto;6.429;					Dores do Rio Preto;6.793

Ecoporanga;23.097;						Ecoporanga;22.748

Fundao;17.632;							Fundao;22.379

Governador Lindenberg;11.106;					Governador Lindenberg;13.047

Guacui;28.208;							Guacui;31.372

Guarapari;107.836;						Guarapari;128.504

Ibatiba;22.843;							Ibatiba;26.762

Ibiracu;11.335;							Ibiracu;12.701

Ibitirama;8.919;						Ibitirama;8.830

Iconha;12.681;							Iconha;14.083

Irupi;11.930;							Irupi;13.672

Itaguacu;14.080;						Itaguacu;13.982
	
Itapemirim;31.421;						Itapemirim;34.957
	
Itarana;10.799;							Itarana;10.433

Iuna;27.512;							Iuna;29.417

Jaguare;25.454;							Jaguare;31.589
	
Jeronimo Monteiro;10.984;					Jeronimo Monteiro;12.336
	
Joao Neiva;15.886;						Joao Neiva;16.774

Laranja da Terra;10.810;					Laranja da Terra;10.919

Linhares;145.639;							Linhares;179.755
		
Mantenopolis;13.826;						Mantenopolis;15.653

Marataizes;34.675;						Marataizes;39.259
	
Marechal Floriano;14.576;					Marechal Floriano;17.141

Marilandia;11.286;						Marilandia;13.091

Mimoso do Sul;25.858;						Mimoso do Sul;26.079

Montanha;17.938;						Montanha;18.954

Mucurici;5.619;							Mucurici;5.468

Muniz Freire;18.202;						Muniz Freire;17.176

Muqui;14.506;							Muqui;15.602

Nova Venecia;46.487;						Nova Venecia;50.751

Pancas;21.722;							Pancas;23.426

Pedro Canario;24.071;						Pedro Canario;26.575

Pinheiros;24.284;						Pinheiros;27.601

Piuma;18.597;							Piuma;22.388

Ponto Belo;7.088;						Ponto Belo;8.016

Presidente Kennedy;10.429;					Presidente Kennedy;11.741

Rio Bananal;17.713;						Rio Bananal;19.398

Rio Novo do Sul;11.334;						Rio Novo do Sul;11.630

Santa Leopoldina;12.207;					Santa Leopoldina;12.171

Santa Maria de Jetiba;34.992;					Santa Maria de Jetiba;41.588

Santa Teresa;22.005;						Santa Teresa;23.853

Sao Domingos do Norte;8.070;					Sao Domingos do Norte;8.735

Sao Gabriel da Palha;32.655;					Sao Gabriel da Palha;39.085

Sao Jose do Calcado;10.397;					Sao Jose do Calcado;10.536

Sao Mateus;111.832;						Sao Mateus;134.629

Sao Roque do Canaa;11.406;					Sao Roque do Canaa;12.602

Serra;422.569;							Serra;536.765

Sooretama;24.685;						Sooretama;31.278

Vargem Alta;19.395;						Vargem Alta;21.778

Venda Nova do Imigrante;21.094;					Venda Nova do Imigrante;26.204

Viana;66.745;							Viana;80.735

Vila Pavao;8.724;						Vila Pavao;9.280

Vila Valerio;13.824;						Vila Valerio;14.065

Vila Velha;424.948;						Vila Velha;508.655

Vitoria;333.162;						Vitoria;369.534
