Municipios;Populacao;2012						Municipios;Populacao;2021 

Abadia dos Dourados;6.743;						Abadia dos Dourados;7.022

Abaete;22.740;								Abaete;23.263

Abre Campo;13.306;							Abre Campo;13.434

Acaiaca;3.925;								Acaiaca;3.995

Acucena;10.093;								Acucena;9.270

Agua Boa;14.803;							Agua Boa;13.319

Agua Comprida;2.015;							Agua Comprida;1.986

Aguanil;4.129;								Aguanil;4.557

Aguas Formosas;18.575;							Aguas Formosas;19.285

Aguas Vermelhas;12.850;							Aguas Vermelhas;13.656

Aimores;24.937;								Aimores;25.116

Aiuruoca;6.116;								Aiuruoca;5.949

Alagoa;2.696;								Alagoa;2.657
	
Albertina;2.924;							Albertina;3.015

Alem Paraiba;34.461;							Alem Paraiba;35.438

Alfenas;74.804;								Alfenas;80.973

Alfredo Vasconcelos;6.223;						Alfredo Vasconcelos;7.052

Almenara;39.287;							Almenara;42.380

Alpercata;7.204;							Alpercata;7.448

Alpinopolis;18.709;							Alpinopolis;20.059

Alterosa;13.829;								Alterosa;14.566

Alto Caparao;5.392;							Alto Caparao;5.938

Alto Jequitiba;8.297;							Alto Jequitiba;8.286

Alto Rio Doce;11.903;							Alto Rio Doce;10.723

Alvarenga;4.329;							Alvarenga;3.783

Alvinopolis;15.212;							Alvinopolis;15.135

Alvorada de Minas;3.549;						Alvorada de Minas;3.605

Amparo do Serra;4.910;							Amparo do Serra;4.643

Andradas;37.920;							Andradas;41.704

Andrelandia;12.153;							Andrelandia;12.189

Angelandia;8.084;							Angelandia;8.594

Antonio Carlos;11.151;							Antonio Carlos;11.471

Antonio Dias;9.493;							Antonio Dias;9.233

Antonio Prado de Minas;1.653;						Antonio Prado de Minas;1.577

Aracai;2.258;								Aracai;2.360

Aracitaba;2.054;							Aracitaba;2.056

Aracuai;36.059;								Aracuai;36.715

Araguari;110.983;							Araguari;118.361

Arantina;2.811;								Arantina;2.779

Araponga;8.188;								Araponga;8.467

Arapora;6.271;								Arapora;6.992

Arapua;2.780;								Arapua;2.836

Araujos;8.135;								Araujos;9.523

Araxa;95.888;								Araxa;108.403

Arceburgo;9.732;							Arceburgo;10.990

Arcos;37.188;								Arcos;40.658

Areado;13.958;								Areado;15.288

Argirita;2.860;								Argirita;2.681

Aricanduva;4.848;							Aricanduva;5.305

Arinos;17.669;								Arinos;17.850

Astolfo Dutra;13.237;							Astolfo Dutra;14.358

Ataleia;14.109;								Ataleia;12.496

Augusto de Lima;4.930;							Augusto de Lima;4.833

Baependi;18.426;							Baependi;19.249

Baldim;7.877;								Baldim;7.780

Bambui;22.891;								Bambui;23.964

Bandeira;4.938;								Bandeira;4.738

Bandeira do Sul;5.405;							Bandeira do Sul;5.808

Barao de Cocais;29.205;							Barao de Cocais;33.232

Barao de Monte Alto;5.643;						Barao de Monte Alto;5.311

Barbacena;128.120;							Barbacena;139.061

Barra Longa;5.930;							Barra Longa;4.905

Barroso;19.787;								Barroso;20.981

Bela Vista de Minas;10.028;						Bela Vista de Minas;10.269

Belmiro Braga;3.400;							Belmiro Braga;3.422

Belo Horizonte;2.395.785;						Belo Horizonte;2.530.701

Belo Oriente;23.984;							Belo Oriente;27.277

Belo Vale;7.553;							Belo Vale;7.723

Berilo;12.198;								Berilo;11.813

Berizal;4.431;								Berizal;4.792

Bertopolis;4.508;							Bertopolis;4.609

Betim;388.873;								Betim;450.024

Bias Fortes;3.703;							Bias Fortes;3.282

Bicas;13.783;								Bicas;14.612

Biquinhas;2.602;							Biquinhas;2.482

Boa Esperanca;38.734;							Boa Esperanca;40.308

Bocaina de Minas;5.011;							Bocaina de Minas;5.088

Bocaiuva;47.236;							Bocaiuva;50.521

Bom Despacho;46.482;							Bom Despacho;51.436

Bom Jardim de Minas;6.480;						Bom Jardim de Minas;6.444
	
Bom Jesus da Penha;3.942;						Bom Jesus da Penha;4.270

Bom Jesus do Amparo;5.593;						Bom Jesus do Amparo;6.182

Bom Jesus do Galho;15.242;						Bom Jesus do Galho;14.792

Bom Repouso;10.449;							Bom Repouso;10.527

Bom Sucesso;17.271;							Bom Sucesso;17.612

Bonfim;6.811;								Bonfim;6.852

Bonfinopolis de Minas;5.778;						Bonfinopolis de Minas;5.397

Bonito de Minas;9.947;							Bonito de Minas;11.502

Borda da Mata;17.523;							Borda da Mata;19.809

Botelhos;14.893;							Botelhos;14.927

Botumirim;6.447;							Botumirim;6.259

Bras Pires;4.567;							Bras Pires;4.255

Brasilandia de Minas;14.642;						Brasilandia de Minas;16.950

Brasilia de Minas;31.356;						Brasilia de Minas;32.460

Brasopolis;14.585;							Brasopolis;4.737

Braunas;4.973;								Braunas;14.364

Brumadinho;35.085;							Brumadinho;41.208

Bueno Brandao;10.886;							Bueno Brandao;10.982

Buenopolis;10.281;							Buenopolis;10.342

Bugre;3.999;								Bugre;3.984

Buritis;23.091;								Buritis;25.179

Buritizeiro;27.076;							Buritizeiro;28.184

Cabeceira Grande;6.534;							Cabeceira Grande;7.025

Cabo Verde;13.838;							Cabo Verde;14.074

Cachoeira da Prata;3.635;						Cachoeira da Prata;3.580

Cachoeira de Minas;11.107;						Cachoeira de Minas;11.609

Cachoeira de Pajeu;9.025;						Cachoeira de Pajeu;9.470

Cachoeira Dourada;2.536;						Cachoeira Dourada;2.720

Caetanopolis;10.467;							Caetanopolis;11.869

Caete;41.423;								Caete;45.364

Caiana;5.059;								Caiana;5.584

Cajuri;4.026;								Cajuri;3.961

Caldas;13.764;								Caldas;14.600

Camacho;3.097;								Camacho;2.839

Camanducaia;21.162;							Camanducaia;21.831

Cambui;27.020;								Cambui;30.068

Cambuquira;12.612;							Cambuquira;12.810

Campanario;3.586;							Campanario;3.739

Campanha;15.635;							Campanha;16.855

Campestre;20.707;							Campestre;21.052

Campina Verde;19.358;							Campina Verde;19.759

Campo Azul;3.701;							Campo Azul;3.830

Campo Belo;51.900;							Campo Belo;54.338

Campo do Meio;11.483;							Campo do Meio;11.648

Campo Florido;7.103;							Campo Florido;8.383

Campos Altos;14.416;							Campos Altos;15.661

Campos Gerais;27.760;							Campos Gerais;28.908

Cana Verde;5.578;							Cana Verde;5.585

Canaa;4.604;								Canaa;4.533

Canapolis;11.476;							Canapolis;12.251

Candeias;14.616;							Candeias;14.890

Cantagalo;4.249;							Cantagalo;4.575

Caparao;5.241;								Caparao;5.464

Capela Nova;4.724;							Capela Nova;4.616

Capelinha;35.368;							Capelinha;38.321

Capetinga;7.039;							Capetinga;6.860

Capim Branco;9.030;							Capim Branco;9.896

Capinopolis;15.424;							Capinopolis;16.294

Capitao Andrade;5.019;							Capitao Andrade;5.559

Capitao Eneas;14.372;							Capitao Eneas;15.388

Capitolio;8.251;							Capitolio;8.693

Caputira;9.060;								Caputira;9.318

Carai;22.549;								Carai;23.872

Caranaiba;3.260;							Caranaiba;3.150

Carandai;23.692;							Carandai;25.831

Carangola;32.353;							Carangola;33.022

Caratinga;86.364;							Caratinga;93.124

Carbonita;9.176;							Carbonita;9.423

Careacu;6.372;								Careacu;6.826

Carlos Chagas;19.779;							Carlos Chagas;18.516

Carmesia;2.477;								Carmesia;2.660

Carmo da Cachoeira;11.872;						Carmo da Cachoeira;12.193

Carmo da Mata;11.007;							Carmo da Mata;11.546

Carmo de Minas;13.932;							Carmo de Minas;15.031

Carmo do Cajuru;20.444;							Carmo do Cajuru;22.900

Carmo do Paranaiba;29.777;						Carmo do Paranaiba;30.339

Carmo do Rio Claro;20.531;						Carmo do Rio Claro;21.310

Carmopolis de Minas;17.456;						Carmopolis de Minas;19.756

Carneirinho;9.556;							Carneirinho;10.103

Carrancas;3.958;							Carrancas;4.052

Carvalhopolis;3.380;							Carvalhopolis;3.614

Carvalhos;4.530;							Carvalhos;4.445

Casa Grande;2.241;							Casa Grande;2.251

Cascalho Rico;2.893;							Cascalho Rico;3.108

Cassia;17.433;								Cassia;17.741

Cataguases;70.630;							Cataguases;75.942

Catas Altas;4.938;							Catas Altas;5.465

Catas Altas da Noruega;3.489;						Catas Altas da Noruega;3.665

Catuji;6.614;								Catuji;6.206

Catuti;5.067;								Catuti;4.944

Caxambu;21.641;								Caxambu;21.566

Cedro do Abaete;1.199;							Cedro do Abaete;1.150

Central de Minas;6.806;							Central de Minas;7.059

Centralina;10.271;							Centralina;10.343

Chacara;2.856;								Chacara;3.216

Chale;5.643;								Chale;5.695

Chapada do Norte;15.184;						Chapada do Norte;15.334

Chapada Gaucha;11.339;							Chapada Gaucha;14.217

Chiador;2.759;								Chiador;2.657

Cipotanea;6.578;							Cipotanea;6.811

Claraval;4.588;								Claraval;4.873

Claro dos Pocoes;7.712;							Claro dos Pocoes;7.478

Claudio;26.262;								Claudio;29.093

Coimbra;7.135;								Coimbra;7.631

Coluna;8.972;								Coluna;8.810

Comendador Gomes;2.992;							Comendador Gomes;3.128

Comercinho;8.011;							Comercinho;6.624

Conceicao da Aparecida;9.888;						Conceicao da Aparecida;10.351

Conceicao da Barra de Minas;3.944;					Conceicao da Barra de Minas;3.939

Conceicao das Alagoas;23.932;						Conceicao das Alagoas;28.782

Conceicao das Pedras;2.755;						Conceicao das Pedras;2.814

Conceicao de Ipanema;4.468;						Conceicao de Ipanema;4.581

Conceicao do Mato Dentro;17.798;					Conceicao do Mato Dentro;17.438

Conceicao do Para;5.214;						Conceicao do Para;5.558

Conceicao do Rio Verde;13.052;						Conceicao do Rio Verde;13.729

Conceicao dos Ouros;10.609;						Conceicao dos Ouros;11.852

Conego Marinho;7.196;							Conego Marinho;7.730

Confins;6.077;								Confins;6.867

Congonhal;10.732;							Congonhal;12.209

Congonhas;49.616;							Congonhas;55.836

Congonhas do Norte;4.950;						Congonhas do Norte;5.047

Conquista;6.591;							Conquista;6.997

Conselheiro Lafaiete;118.578;						Conselheiro Lafaiete;130.584

Conselheiro Pena;22.319;						Conselheiro Pena;22.975

Consolacao;1.732;							Consolacao;1.786

Contagem;613.815;							Contagem;673.849

Coqueiral;9.241;							Coqueiral;9.099

Coracao de Jesus;26.079;						Coracao de Jesus;26.620

Cordisburgo;8.689;							Cordisburgo;8.903

Cordislandia;3.447;							Cordislandia;3.546

Corinto;23.819;								Corinto;23.607

Coroaci;10.190;								Coroaci;9.897

Coromandel;27.562;							Coromandel;27.958

Coronel Fabriciano;104.637;						Coronel Fabriciano;110.709

Coronel Murta;9.115;							Coronel Murta;9.209

Coronel Pacheco;2.996;							Coronel Pacheco;3.095

Coronel Xavier Chaves;3.319;						Coronel Xavier Chaves;3.448

Corrego Danta;3.349;							Corrego Danta;3.168

Corrego do Bom Jesus;3.716;						Corrego do Bom Jesus;3.685

Corrego Fundo;5.883;							Corrego Fundo;6.425

Corrego Novo;3.050;							Corrego Novo;2.688

Couto de Magalhaes de Minas;4.234;					Couto de Magalhaes de Minas;4.436

Crisolita;6.161;							Crisolita;6.814

Cristais;11.553;							Cristais;13.060

Cristalia;5.787;							Cristalia;5.992

Cristiano Otoni;5.023;							Cristiano Otoni;5.161

Cristina;10.191;							Cristina;10.211

Crucilandia;4.800;							Crucilandia;5.072

Cruzeiro da Fortaleza;3.967;						Cruzeiro da Fortaleza;3.651

Cruzilia;14.716;							Cruzilia;15.529

Cuparaque;4.728;							Cuparaque;5.026

Curral de Dentro;7.055;							Curral de Dentro;7.867

Curvelo;75.014;								Curvelo;81.085

Datas;5.237;								Datas;5.431

Delfim Moreira;7.962;							Delfim Moreira;8.007

Delfinopolis;6.869;							Delfinopolis;7.146

Delta;8.546;								Delta;10.994

Descoberto;4.804;							Descoberto;5.044

Desterro de Entre Rios;7.032;						Desterro de Entre Rios;7.266

Desterro do Melo;2.986;							Desterro do Melo;2.867

Diamantina;46.125;							Diamantina;47.924

Diogo de Vasconcelos;3.830;						Diogo de Vasconcelos;3.779

Dionisio;8.520;								Dionisio;7.493

Divinesia;3.309;							Divinesia;3.430

Divino;19.241;								Divino;20.020

Divino das Laranjeiras;4.933;						Divino das Laranjeiras;4.969

Divinolandia de Minas;7.114;						Divinolandia de Minas;7.655

Divinopolis;217.404;							Divinopolis;242.505

Divisa Alegre;6.046;							Divisa Alegre;6.946

Divisa Nova;5.797;							Divisa Nova;6.039

Divisopolis;9.351;							Divisopolis;11.396

Dom Bosco;3.778;							Dom Bosco;3.635

Dom Cavati;5.170;							Dom Cavati;5.025

Dom Joaquim;4.511;							Dom Joaquim;4.436

Dom Silverio;5.192;							Dom Silverio;5.227

Dom Vicoso;2.988;							Dom Vicoso;2.992

Dona Eusebia;6.098;							Dona Eusebia;6.664

Dores de Campos;9.443;							Dores de Campos;10.291

Dores de Guanhaes;5.200;						Dores de Guanhaes;5.139

Dores do Indaia;13.686;							Dores do Indaia;13.373

Dores do Turvo;4.412;							Dores do Turvo;4.202

Doresopolis;1.454;							Doresopolis;1.539

Douradoquara;1.850;							Douradoquara;1.915

Durande;7.487;								Durande;7.898

Eloi Mendes;25.715;							Eloi Mendes;28.556

Engenheiro Caldas;10.421;						Engenheiro Caldas;11.268
	
Engenheiro Navarro;7.128;						Engenheiro Navarro;7.240

Entre Folhas;5.194;							Entre Folhas;5.383

Entre Rios de Minas;14.413;						Entre Rios de Minas;15.458

Ervalia;18.087;								Ervalia;19.019

Esmeraldas;62.262;							Esmeraldas;72.512

Espera Feliz;23.208;							Espera Feliz;25.287

Espinosa;31.134;								Espinosa;31.603

Espirito Santo do Dourado;4.470;					Espirito Santo do Dourado;4.728

Estiva;10.918;								Estiva;11.416

Estrela Dalva;2.440;							Estrela Dalva;2.308

Estrela do Indaia;3.504;						Estrela do Indaia;3.483

Estrela do Sul;7.532;							Estrela do Sul;8.057

Eugenopolis;10.657;							Eugenopolis;11.383

Ewbank da Camara;3.775;							Ewbank da Camara;3.932

Extrema;30.016;								Extrema;37.649

Fama;2.350;								Fama;2.374

Faria Lemos;3.342;							Faria Lemos;3.202

Felicio dos Santos;5.054;						Felicio dos Santos;4.656

Felisburgo;6.974;							Felisburgo;7.548

Felixlandia;14.323;							Felixlandia;15.528

Fernandes Tourinho;3.101;						Fernandes Tourinho;3.500

Ferros;10.612;								Ferros;9.576

Fervedouro;10.452;							Fervedouro;11.100

Florestal;6.744;							Florestal;7.602

Formiga;65.464;								Formiga;67.956

Formoso;8.427;								Formoso;9.810

Fortaleza de Minas;4.150;						Fortaleza de Minas;4.460

Fortuna de Minas;2.746;							Fortuna de Minas;2.986

Francisco Badaro;10.239;						Francisco Badaro;10.311

Francisco Dumont;4.920;							Francisco Dumont;5.268
	
Francisco Sa;25.116;							Francisco Sa;26.459

Franciscopolis;5.706;							Franciscopolis;5.287

Frei Gaspar;5.865;							Frei Gaspar;5.858

Frei Inocencio;9.033;							Frei Inocencio;9.716

Frei Lagonegro;3.350;							Frei Lagonegro;3.496

Fronteira;14.799;							Fronteira;18.866

Fronteira dos Vales;4.655;						Fronteira dos Vales;4.542

Fruta de Leite;5.814;							Fruta de Leite;5.232

Frutal;54.511;								Frutal;60.508

Funilandia;3.942;							Funilandia;4.434

Galileia;6.908;								Galileia;6.764

Gameleiras;5.121;							Gameleiras;5.084

Glaucilandia;2.992;							Glaucilandia;3.177

Goiabeira;3.105;							Goiabeira;3.402

Goiana;3.710;								Goiana;4.014

Goncalves;4.235;							Goncalves;4.360

Gonzaga;5.953;								Gonzaga;6.184

Gouveia;11.680;								Gouveia;11.811

Governador Valadares;266.190;						Governador Valadares;282.164

Grao Mogol;15.145;							Grao Mogol;15.943

Grupiara;1.373;								Grupiara;1.386

Guanhaes;31.781;							Guanhaes;34.818

Guape;13.911;								Guape;14.269

Guaraciaba;10.218;							Guaraciaba;10.307

Guaraciama;4.756;							Guaraciama;5.005

Guaranesia;18.727;							Guaranesia;19.014

Guarani;8.702;								Guarani;8.926

Guarara;3.894;								Guarara;3.755

Guarda-Mor;6.552;							Guarda-Mor;6.558

Guaxupe;49.792;								Guaxupe;52.234

Guidoval;7.164;								Guidoval;7.026

Guimarania;7.399;							Guimarania;8.168

Guiricema;8.624;							Guiricema;8.296

Gurinhata;6.025;							Gurinhata;5.516

Heliodora;6.192;							Heliodora;6.623

Iapu;10.406;								Iapu;11.085
	
Ibertioga;5.021;							Ibertioga;4.999

Ibia;23.547;								Ibia;25.511

Ibiai;7.928;								Ibiai;8.478

Ibiracatu;6.098;							Ibiracatu;5.340

Ibiraci;12.470;								Ibiraci;14.128

Ibirite;162.867;							Ibirite;184.030

Ibitiura de Minas;3.395;						Ibitiura de Minas;3.497

Ibituruna;2.883;							Ibituruna;3.003

Icarai de Minas;10.963;							Icarai de Minas;12.200

Igarape;36.363;								Igarape;44.561

Igaratinga;9.553;							Igaratinga;11.146

Iguatama;7.993;								Iguatama;7.901

Ijaci;5.980;								Ijaci;6.667

Ilicinea;11.633;							Ilicinea;12.511

Imbe de Minas;6.502;							Imbe de Minas;6.976

Inconfidentes;6.973;							Inconfidentes;7.387

Indaiabira;7.316;							Indaiabira;7.328

Indianopolis;6.312;							Indianopolis;7.009

Ingai;2.650;								Ingai;2.785

Inhapim;24.204;								Inhapim;24.020

Inhauma;5.846;								Inhauma;6.352

Inimutaba;7.034;							Inimutaba;7.605

Ipaba;17.037;								Ipaba;18.926

Ipanema;18.455;								Ipanema;20.133

Ipatinga;243.541;							Ipatinga;267.333

Ipiacu;4.120;								Ipiacu;4.229

Ipuiuna;9.607;								Ipuiuna;10.156

Irai de Minas;6.553;							Irai de Minas;7.067

Itabira;111.514;							Itabira;121.717

Itabirinha;10.826;							Itabirinha;11.637

Itabirito;46.589;							Itabirito;52.996

Itacambira;5.053;							Itacambira;5.447

Itacarambi;17.761;							Itacarambi;18.175

Itaguara;12.534;							Itaguara;13.510

Itaipe;11.957;								Itaipe;12.910

Itajuba;91.643;								Itajuba;97.782

Itamarandiba;32.595;							Itamarandiba;35.130

Itamarati de Minas;4.123;						Itamarati de Minas;4.395

Itambacuri;22.831;							Itambacuri;23.207

Itambe do Mato Dentro;2.238;						Itambe do Mato Dentro;2.032

Itamogi;10.293;								Itamogi;10.122

Itamonte;14.276;							Itamonte;15.844

Itanhandu;14.366;							Itanhandu;15.511

Itanhomi;11.899;							Itanhomi;12.259

Itaobim;20.961;								Itaobim;20.997

Itapagipe;13.932;							Itapagipe;15.511

Itapecerica;21.399;							Itapecerica;21.760

Itapeva;8.861;								Itapeva;9.976

Itatiaiucu;10.142;							Itatiaiucu;11.354

Itau de Minas;15.135;							Itau de Minas;16.286

Itauna;86.762;								Itauna;94.455

Itaverava;5.711;							Itaverava;5.321

Itinga;14.485;								Itinga;15.053

Itueta;5.859;								Itueta;6.074

Ituiutaba;98.392;							Ituiutaba;105.818

Itumirim;6.101;								Itumirim;5.978

Iturama;35.308;								Iturama;40.101
	
Itutinga;3.879;								Itutinga;3.749

Jaboticatubas;17.679;							Jaboticatubas;20.683

Jacinto;12.142;								Jacinto;12.320

Jacui;7.520;								Jacui;7.695

Jacutinga;23.341;							Jacutinga;26.538

Jaguaracu;3.011;							Jaguaracu;3.151

Jaiba;34.539;								Jaiba;39.850

Jampruca;5.121;								Jampruca;5.453

Janauba;67.581;								Janauba;72.374

Januaria;65.744;							Januaria;67.958

Japaraiba;4.010;							Japaraiba;4.418

Japonvar;8.331;								Japonvar;7.991
	
Jeceaba;5.288;								Jeceaba;4.795

Jenipapo de Minas;7.211;						Jenipapo de Minas;7.781

Jequeri;12.726;								Jequeri;12.246

Jequitai;7.893;								Jequitai;7.407

Jequitiba;5.154;							Jequitiba;5.203

Jequitinhonha;24.317;							Jequitinhonha;25.555

Jesuania;4.760;								Jesuania;4.774

Joaima;15.000;								Joaima;15.476

Joanesia;5.246;								Joanesia;4.382

Joao Monlevade;74.655;							Joao Monlevade;80.903

Joao Pinheiro;45.848;							Joao Pinheiro;47.990

Joaquim Felicio;4.371;							Joaquim Felicio;4.757

Jordania;10.394;							Jordania;10.872

Jose Goncalves de Minas;4.532;						Jose Goncalves de Minas;4.474

Jose Raydan;4.487;							Jose Raydan;5.104

Josenopolis;4.614;							Josenopolis;4.911

Juatuba;23.080;								Juatuba;27.823

Juiz de Fora;525.225;							Juiz de Fora;577.532

Juramento;4.146;							Juramento;4.359

Juruaia;9.474;								Juruaia;10.795

Juvenilia;5.697;							Juvenilia;5.706

Ladainha;17.170;							Ladainha;18.272

Lagamar;7.584;								Lagamar;7.588

Lagoa da Prata;47.076;							Lagoa da Prata;53.236

Lagoa dos Patos;4.191;							Lagoa dos Patos;4.062

Lagoa Dourada;12.373;							Lagoa Dourada;13.115

Lagoa Formosa;17.293;							Lagoa Formosa;18.168

Lagoa Grande;8.786;							Lagoa Grande;9.681

Lagoa Santa;54.732;							Lagoa Santa;66.744

Lajinha;19.622;								Lajinha;19.914

Lambari;19.752;								Lambari;20.995

Lamim;3.432;								Lamim;3.366

Laranjal;6.517;								Laranjal;6.856

Lassance;6.474;								Lassance;6.494

Lavras;94.228;								Lavras;105.756

Leandro Ferreira;3.202;							Leandro Ferreira;3.222

Leme do Prado;4.815;							Leme do Prado;4.923

Leopoldina;51.286;							Leopoldina;52.690

Liberdade;5.279;							Liberdade;4.994

Lima Duarte;16.216;							Lima Duarte;16.749

Limeira do Oeste;6.999;							Limeira do Oeste;7.640

Lontra;8.506;								Lontra;9.766

Luisburgo;6.225;							Luisburgo;6.249

Luislandia;6.443;							Luislandia;6.735

Luminarias;5.413;							Luminarias;5.431

Luz;17.585;								Luz;18.297

Machacalis;6.985;							Machacalis;7.112

Machado;39.264;								Machado;42.682

Madre de Deus de Minas;4.930;						Madre de Deus de Minas;5.119

Malacacheta;18.705;							Malacacheta;18.556

Mamonas;6.349;								Mamonas;6.565

Manga;19.489;								Manga;18.051

Manhuacu;81.455;							Manhuacu;92.074

Manhumirim;21.587;							Manhumirim;22.894

Mantena;27.148;								Mantena;27.651

Mar de Espanha;11.928;							Mar de Espanha;12.985

Maravilhas;7.304;							Maravilhas;8.113

Maria da Fe;14.157;							Maria da Fe;14.019

Mariana;55.353;								Mariana;61.830

Marilac;4.189;								Marilac;4.079

Mario Campos;13.594;							Mario Campos;15.814

Maripa de Minas;2.818;							Maripa de Minas;3.000

Marlieria;4.008;							Marlieria;4.030

Marmelopolis;2.919;							Marmelopolis;2.701

Martinho Campos;12.731;							Martinho Campos;13.497

Martins Soares;7.398;							Martins Soares;8.640

Mata Verde;7.994;								Mata Verde;8.700

Materlandia;4.558;							Materlandia;4.415

Mateus Leme;28.417;							Mateus Leme;31.631

Mathias Lobato;3.329;							Mathias Lobato;3.157

Matias Barbosa;13.603;							Matias Barbosa;14.626

Matias Cardoso;10.188;							Matias Cardoso;11.360

Matipo;17.843;								Matipo;19.098

Mato Verde;12.609;							Mato Verde;12.367

Matozinhos;34.624;							Matozinhos;38.469

Matutina;3.750;								Matutina;3.733

Medeiros;3.506;								Medeiros;3.861

Medina;20.934;								Medina;20.701

Mendes Pimentel;6.338;							Mendes Pimentel;6.446

Merces;10.415;								Merces;10.775

Mesquita;5.963;								Mesquita;5.489

Minas Novas;30.852;							Minas Novas;31.509

Minduri;3.841;								Minduri;3.891

Mirabela;13.116;							Mirabela;13.651

Miradouro;10.324;							Miradouro;10.818

Mirai;14.009;								Mirai;15.205

Miravania;4.604;							Miravania;4.939

Moeda;4.723;								Moeda;4.948

Moema;7.106;								Moema;7.589

Monjolos;2.327;								Monjolos;2.184

Monsenhor Paulo;8.244;							Monsenhor Paulo;8.764

Montalvania;15.631;							Montalvania;14.621

Monte Alegre de Minas;19.863;						Monte Alegre de Minas;21.349

Monte Azul;21.717;							Monte Azul;20.544

Monte Belo;13.049;							Monte Belo;13.139
	
Monte Carmelo;46.055;							Monte Carmelo;48.049

Monte Formoso;4.693;							Monte Formoso;4.939

Monte Santo de Minas;21.238;						Monte Santo de Minas;21.504

Monte Siao;21.658;							Monte Siao;24.247

Montes Claros;370.216;							Montes Claros;417.478

Montezuma;7.599;							Montezuma;8.379

Morada Nova de Minas;8.353;						Morada Nova de Minas;8.955

Morro da Garca;2.615;							Morro da Garca;2.413

Morro do Pilar;3.349;							Morro do Pilar;3.126

Munhoz;6.197;								Munhoz;5.960

Muriae;102.074;								Muriae;109.997

Mutum;26.657;								Mutum;26.945

Muzambinho;20.406;							Muzambinho;20.522

Nacip Raydan;3.159;							Nacip Raydan;3.221

Nanuque;40.716;								Nanuque;40.583

Naque;6.453;								Naque;7.104

Natalandia;3.279;							Natalandia;3.306

Natercia;4.661;								Natercia;4.727

Nazareno;8.062;								Nazareno;8.710

Nepomuceno;25.871;							Nepomuceno;26.882

Ninheira;9.885;								Ninheira;10.355

Nova Belem;3.617;							Nova Belem;3.067

Nova Era;17.494;							Nova Era;17.524

Nova Lima;83.507;							Nova Lima;97.378

Nova Modica;3.744;							Nova Modica;3.548

Nova Ponte;13.314;							Nova Ponte;16.046

Nova Porteirinha;7.400;							Nova Porteirinha;7.493

Nova Resende;15.599;							Nova Resende;16.937

Nova Serrana;79.174;							Nova Serrana;108.241

Nova Uniao;5.575;							Nova Uniao;5.739

Novo Cruzeiro;30.767;							Novo Cruzeiro;31.339

Novo Oriente de Minas;10.395;						Novo Oriente de Minas;10.800

Novorizonte;5.017;							Novorizonte;5.348

Olaria;1.927;								Olaria;1.694

Olhos-d'Agua;5.416;							Olhos-d'Agua;6.243

Olimpio Noronha;2.577;							Olimpio Noronha;2.829

Oliveira;39.801;							Oliveira;41.987

Oliveira Fortes;2.120;							Oliveira Fortes;2.128

Onca de Pitangui;3.066;							Onca de Pitangui;3.155

Oratorios;4.514;							Oratorios;4.671

Orizania;7.409;								Orizania;8.138

Ouro Branco;36.006;							Ouro Branco;40.220

Ouro Fino;31.893;							Ouro Fino;33.938

Ouro Preto;70.886;							Ouro Preto;74.824
	
Ouro Verde de Minas;5.985;						Ouro Verde de Minas;5.895

Padre Carvalho;5.926;							Padre Carvalho;6.466

Padre Paraiso;19.057;							Padre Paraiso;20.346

Pai Pedro;5.950;							Pai Pedro;6.098

Paineiras;4.592;							Paineiras;4.440

Pains;8.047;								Pains;8.308

Paiva;1.549;								Paiva;1.517

Palma;6.543;								Palma;6.606

Palmopolis;6.636;							Palmopolis;5.196

Papagaios;14.433;							Papagaios;15.922

Para de Minas;85.908;							Para de Minas;95.616

Paracatu;86.153;							Paracatu;94.539

Paraguacu;20.442;							Paraguacu;21.693

Paraisopolis;19.664;							Paraisopolis;21.353

Paraopeba;22.893;							Paraopeba;24.854

Passa Quatro;15.692;							Passa Quatro;16.439

Passa Tempo;8.155;							Passa Tempo;8.031

Passabem;1.739;								Passabem;2.024

Passa-Vinte;2.067;							Passa-Vinte;1.619

Passos;107.661;								Passos;115.970

Patis;5.642;								Patis;6.031

Patos de Minas;140.950;							Patos de Minas;154.641

Patrocinio;83.882;							Patrocinio;92.116

Patrocinio do Muriae;5.352;						Patrocinio do Muriae;5.744

Paula Candido;9.307;							Paula Candido;9.597

Paulistas;4.889;								Paulistas;4.794

Pavao;8.541;								Pavao;8.390

Pecanha;17.272;								Pecanha;17.534

Pedra Azul;23.874;							Pedra Azul;24.333

Pedra Bonita;6.739;							Pedra Bonita;7.157

Pedra do Anta;3.361;							Pedra do Anta;2.960

Pedra do Indaia;3.885;							Pedra do Indaia;3.977

Pedra Dourada;2.247;							Pedra Dourada;2.559

Pedralva;11.386;							Pedralva;11.098

Pedras de Maria da Cruz;10.534;						Pedras de Maria da Cruz;12.313

Pedrinopolis;3.510;							Pedrinopolis;3.651

Pedro Leopoldo;59.670;							Pedro Leopoldo;65.149

Pedro Teixeira;1.785;							Pedro Teixeira;1.804

Pequeri;3.188;								Pequeri;3.340

Pequi;4.131;								Pequi;4.457

Perdigao;9.396;								Perdigao;11.994

Perdizes;14.713;							Perdizes;16.469

Perdoes;20.292;								Perdoes;21.577

Periquito;6.975;							Periquito;6.738

Pescador;4.142;								Pescador;4.261

Piau;2.816;								Piau;2.719

Piedade de Caratinga;7.377;						Piedade de Caratinga;8.832

Piedade de Ponte Nova;4.067;						Piedade de Ponte Nova;4.141

Piedade do Rio Grande;4.656;						Piedade do Rio Grande;4.436

Piedade dos Gerais;4.696;						Piedade dos Gerais;5.034

Pimenta;8.299;								Pimenta;8.715

Pingo-d'Agua;4.511;							Pingo-d'Agua;5.029

Pintopolis;7.251;							Pintopolis;7.540

Piracema;6.391;								Piracema;6.386

Pirajuba;4.946;								Pirajuba;6.491

Piranga;17.266;								Piranga;17.641

Pirangucu;5.254;							Pirangucu;5.504

Piranguinho;8.110;							Piranguinho;8.683

Pirapetinga;10.414;							Pirapetinga;10.791

Pirapora;53.832;							Pirapora;56.845

Pirauba;10.821;								Pirauba;10.732

Pitangui;25.771;							Pitangui;28.433

Piumhi;32.352;								Piumhi;35.137

Planura;10.700;								Planura;12.445

Poco Fundo;16.082;							Poco Fundo;16.900

Pocos de Caldas;154.974;						Pocos de Caldas;169.838

Pocrane;8.856;								Pocrane;8.288

Pompeu;29.561;								Pompeu;32.248

Ponte Nova;57.706;							Ponte Nova;60.003

Ponto Chique;4.014;							Ponto Chique;4.305

Ponto dos Volantes;11.469;						Ponto dos Volantes;12.235

Porteirinha;37.588;							Porteirinha;37.823

Porto Firme;10.560;							Porto Firme;11.414

Pote;15.801;								Pote;16.675

Pouso Alegre;134.215;							Pouso Alegre;154.293

Pouso Alto;6.145;							Pouso Alto;5.862

Prados;8.495;								Prados;9.128

Prata;26.139;								Prata;28.173

Pratapolis;8.746;							Pratapolis;8.530

Pratinha;3.323;								Pratinha;3.658

Presidente Bernardes;5.491;						Presidente Bernardes;5.315

Presidente Juscelino;3.846;						Presidente Juscelino;3.572

Presidente Kubitschek;2.961;						Presidente Kubitschek;3.000

Presidente Olegario;18.698;						Presidente Olegario;19.680

Prudente de Morais;9.776;						Prudente de Morais;10.931

Quartel Geral;3.346;							Quartel Geral;3.603

Queluzito;1.872;							Queluzito;1.948

Raposos;15.502;								Raposos;16.501

Raul Soares;23.748;							Raul Soares;23.663

Recreio;10.316;								Recreio;10.522

Reduto;6.667;								Reduto;7.247

Resende Costa;11.001;							Resende Costa;11.578

Resplendor;17.107;							Resplendor;17.396

Ressaquinha;4.735;							Ressaquinha;4.826

Riachinho;8.013;							Riachinho;8.132

Riacho dos Machados;9.361;						Riacho dos Machados;9.471

Ribeirao das Neves;303.029;						Ribeirao das Neves;341.415

Ribeirao Vermelho;3.857;						Ribeirao Vermelho;4.061
	
Rio Acima;9.307;							Rio Acima;10.524

Rio Casca;14.042;							Rio Casca;13.384

Rio do Prado;5.191;							Rio do Prado;5.117

Rio Doce;2.488;								Rio Doce;2.630

Rio Espera;5.939;							Rio Espera;5.332

Rio Manso;5.372;							Rio Manso;5.924

Rio Novo;8.737;								Rio Novo;8.964

Rio Paranaiba;11.939;							Rio Paranaiba;12.356

Rio Pardo de Minas;29.381;						Rio Pardo de Minas;31.171

Rio Piracicaba;14.151;							Rio Piracicaba;14.325

Rio Pomba;17.224;							Rio Pomba;18.007

Rio Preto;5.315;							Rio Preto;5.493

Rio Vermelho;13.455;							Rio Vermelho;12.635

Ritapolis;4.850;							Ritapolis;4.521

Rochedo de Minas;2.148;							Rochedo de Minas;2.335

Rodeiro;7.093;								Rodeiro;8.333

Romaria;3.575;								Romaria;3.507

Rosario da Limeira;4.305;						Rosario da Limeira;4.648

Rubelita;7.406;								Rubelita;5.609

Rubim;9.958;								Rubim;10.269

Sabara;127.897;								Sabara;137.877

Sabinopolis;15.619;							Sabinopolis;15.364

Sacramento;24.283;							Sacramento;26.556

Salinas;39.550;								Salinas;41.864

Salto da Divisa;6.872;							Salto da Divisa;7.014

Santa Barbara;28.435;							Santa Barbara;31.873

Santa Barbara do Leste;7.754;						Santa Barbara do Leste;8.212

Santa Barbara do Monte Verde;2.852;					Santa Barbara do Monte Verde;3.212

Santa Barbara do Tugurio;4.532;						Santa Barbara do Tugurio;4.385

Santa Cruz de Minas;7.990;						Santa Cruz de Minas;8.723

Santa Cruz de Salinas;4.336;						Santa Cruz de Salinas;4.074

Santa Cruz do Escalvado;4.934;						Santa Cruz do Escalvado;4.693

Santa Efigenia de Minas;4.552;						Santa Efigenia de Minas;4.354

Santa Fe de Minas;3.935;						Santa Fe de Minas;3.806

Santa Helena de Minas;6.101;						Santa Helena de Minas;6.406

Santa Juliana;11.830;							Santa Juliana;14.497

Santa Luzia;205.666;							Santa Luzia;221.705

Santa Margarida;15.207;							Santa Margarida;16.393

Santa Maria de Itabira;10.584;						Santa Maria de Itabira;10.867

Santa Maria do Salto;5.261;						Santa Maria do Salto;5.203

Santa Maria do Suacui;14.402;						Santa Maria do Suacui;14.607

Santa Rita de Caldas;8.990;						Santa Rita de Caldas;8.900

Santa Rita de Ibitipoca;3.544;						Santa Rita de Ibitipoca;3.380

Santa Rita de Jacutinga;4.960;						Santa Rita de Jacutinga;4.843

Santa Rita de Minas;6.661;						Santa Rita de Minas;7.322

Santa Rita do Itueto;5.643;						Santa Rita do Itueto;5.426

Santa Rita do Sapucai;38.734;						Santa Rita do Sapucai;44.226

Santa Rosa da Serra;3.241;						Santa Rosa da Serra;3.364

Santa Vitoria;18.406;							Santa Vitoria;19.997

Santana da Vargem;7.188;						Santana da Vargem;7.047

Santana de Cataguases;3.662;						Santana de Cataguases;3.909

Santana de Pirapama;7.918;						Santana de Pirapama;7.538

Santana do Deserto;3.873;						Santana do Deserto;3.985

Santana do Garambeu;2.273;						Santana do Garambeu;2.494

Santana do Jacare;4.638;						Santana do Jacare;4.847

Santana do Manhuacu;8.579;						Santana do Manhuacu;8.660

Santana do Paraiso;28.641;						Santana do Paraiso;36.048

Santana do Riacho;4.066;						Santana do Riacho;4.334

Santana dos Montes;3.804;						Santana dos Montes;3.753

Santo Antonio do Amparo;17.532;						Santo Antonio do Amparo;18.697

Santo Antonio do Aventureiro;3.542;					Santo Antonio do Aventureiro;3.602

Santo Antonio do Grama;4.041;						Santo Antonio do Grama;3.861

Santo Antonio do Itambe;4.067;						Santo Antonio do Itambe;3.763

Santo Antonio do Jacinto;11.720;					Santo Antonio do Jacinto;11.570
	
Santo Antonio do Monte;26.353;						Santo Antonio do Monte;28.603

Santo Antonio do Retiro;7.001;						Santo Antonio do Retiro;7.316

Santo Antonio do Rio Abaixo;1.771;					Santo Antonio do Rio Abaixo;1.756

Santo Hipolito;3.201;							Santo Hipolito;3.044

Santos Dumont;46.208;							Santos Dumont;46.357

Sao Bento Abade;4.704;							Sao Bento Abade;5.411
	
Sao Bras do Suacui;3.548;						Sao Bras do Suacui;3.770

Sao Domingos das Dores;5.441;						Sao Domingos das Dores;5.672

Sao Domingos do Prata;17.314;						Sao Domingos do Prata;17.296

Sao Felix de Minas;3.372;						Sao Felix de Minas;3.354

Sao Francisco;54.180;							Sao Francisco;56.625

Sao Francisco de Paula;6.476;						Sao Francisco de Paula;6.512

Sao Francisco de Sales;5.852;						Sao Francisco de Sales;6.309

Sao Francisco do Gloria;5.100;						Sao Francisco do Gloria;4.758

Sao Geraldo;10.648;							Sao Geraldo;12.751

Sao Geraldo da Piedade;4.295;						Sao Geraldo da Piedade;3.860

Sao Geraldo do Baixio;3.580;						Sao Geraldo do Baixio;4.104

Sao Goncalo do Abaete;6.390;						Sao Goncalo do Abaete;8.527

Sao Goncalo do Para;10.765;						Sao Goncalo do Para;12.776

Sao Goncalo do Rio Abaixo;9.976;					Sao Goncalo do Rio Abaixo;11.114

Sao Goncalo do Rio Preto;3.071;						Sao Goncalo do Rio Preto;3.178

Sao Goncalo do Sapucai;24.148;						Sao Goncalo do Sapucai;25.670

Sao Gotardo;32.452;							Sao Gotardo;36.084

Sao Joao Batista do Gloria;6.981;					Sao Joao Batista do Gloria;7.541

Sao Joao da Lagoa;4.695;						Sao Joao da Lagoa;4.949

Sao Joao da Mata;2.728;							Sao Joao da Mata;2.743

Sao Joao da Ponte;25.257;						Sao Joao da Ponte;25.033

Sao Joao das Missoes;11.940;						Sao Joao das Missoes;13.232

Sao Joao del Rei;85.353;						Sao Joao del Rei;90.897

Sao Joao do Manhuacu;10.476;						Sao Joao do Manhuacu;11.785

Sao Joao do Manteninha;5.307;						Sao Joao do Manteninha;5.975
	
Sao Joao do Oriente;7.781;						Sao Joao do Oriente;7.393

Sao Joao do Pacui;4.120;						Sao Joao do Pacui;4.476

Sao Joao do Paraiso;22.517;						Sao Joao do Paraiso;23.797

Sao Joao Evangelista;15.558;						Sao Joao Evangelista;15.761

Sao Joao Nepomuceno;25.249;						Sao Joao Nepomuceno;26.530

Sao Joaquim de Bicas;26.653;						Sao Joaquim de Bicas;32.696

Sao Jose da Barra;6.888;						Sao Jose da Barra;7.532

Sao Jose da Lapa;20.524;						Sao Jose da Lapa;24.490

Sao Jose da Safira;4.103;						Sao Jose da Safira;4.291

Sao Jose da Varginha;4.345;						Sao Jose da Varginha;5.151

Sao Jose do Alegre;4.026;						Sao Jose do Alegre;4.222

Sao Jose do Divino;3.830;						Sao Jose do Divino;3.851

Sao Jose do Goiabal;5.580;						Sao Jose do Goiabal;5.356

Sao Jose do Jacuri;6.518;						Sao Jose do Jacuri;6.409

Sao Jose do Mantimento;2.625;						Sao Jose do Mantimento;2.821

Sao Lourenco;42.372;							Sao Lourenco;46.539

Sao Miguel do Anta;6.778;						Sao Miguel do Anta;6.949

Sao Pedro da Uniao;4.953;						Sao Pedro da Uniao;4.563

Sao Pedro do Suacui;5.493;						Sao Pedro do Suacui;5.160

Sao Pedro dos Ferros;8.223;						Sao Pedro dos Ferros;7.634

Sao Romao;10.653;							Sao Romao;12.713

Sao Roque de Minas;6.741;						Sao Roque de Minas;7.100

Sao Sebastiao da Bela Vista;5.045;					Sao Sebastiao da Bela Vista;5.598

Sao Sebastiao da Vargem Alegre;2.832;					Sao Sebastiao da Vargem Alegre;3.039

Sao Sebastiao do Anta;5.884;						Sao Sebastiao do Anta;6.697

Sao Sebastiao do Maranhao;10.503;					Sao Sebastiao do Maranhao;9.884

Sao Sebastiao do Oeste;5.980;						Sao Sebastiao do Oeste;6.948

Sao Sebastiao do Paraiso;65.984;					Sao Sebastiao do Paraiso;71.915

Sao Sebastiao do Rio Preto;1.588;					Sao Sebastiao do Rio Preto;1.478

Sao Sebastiao do Rio Verde;2.131;					Sao Sebastiao do Rio Verde;2.259

Sao Thome das Letras;6.724;						Sao Thome das Letras;10.979

Sao Tiago;10.609;							Sao Tiago;6.980

Sao Tomas de Aquino;7.062;						Sao Tomas de Aquino;7.151

Sao Vicente de Minas;7.136;						Sao Vicente de Minas;7.876

Sapucai-Mirim;6.360;							Sapucai-Mirim;7.045

Sardoa;5.718;								Sardoa;6.421

Sarzedo;27.104;								Sarzedo;34.050

Sem-Peixe;2.799;							Sem-Peixe;2.579

Senador Amaral;5.233;							Senador Amaral;5.365

Senador Cortes;1.987;							Senador Cortes;2.001

Senador Firmino;7.326;							Senador Firmino;7.902

Senador Jose Bento;1.793;						Senador Jose Bento;1.422

Senador Modestino Goncalves;4.481;					Senador Modestino Goncalves;4.056

Senhora de Oliveira;5.690;						Senhora de Oliveira;5.786

Senhora do Porto;3.494;							Senhora do Porto;3.516

Senhora dos Remedios;10.222;						Senhora dos Remedios;10.474

Sericita;7.149;								Sericita;7.340

Seritinga;1.797;							Seritinga;1.857

Serra Azul de Minas;4.224;						Serra Azul de Minas;4.292

Serra da Saudade;807;							Serra da Saudade;771

Serra do Salitre;10.725;						Serra do Salitre;11.750

Serra dos Aimores;8.447;						Serra dos Aimores;8.725

Serrania;7.548;								Serrania;7.667

Serranopolis de Minas;4.484;						Serranopolis de Minas;4.836

Serranos;1.984;								Serranos;1.949

Serro;20.809;								Serro;20.915

Sete Lagoas;218.574;							Sete Lagoas;243.950

Setubinha;11.126;							Setubinha;12.493

Silveirania;2.201;							Silveirania;2.267

Silvianopolis;6.053;							Silvianopolis;6.258

Simao Pereira;2.546;							Simao Pereira;2.621

Simonesia;18.513;							Simonesia;19.834

Sobralia;5.762;								Sobralia;5.476

Soledade de Minas;5.755;						Soledade de Minas;6.226

Tabuleiro;4.005;							Tabuleiro;3.669

Taiobeiras;31.457;							Taiobeiras;34.653

Taparuba;3.124;								Taparuba;3.093

Tapira;4.231;								Tapira;4.890

Tapirai;1.869;								Tapirai;1.869

Taquaracu de Minas;3.840;						Taquaracu de Minas;4.120

Tarumirim;14.264;							Tarumirim;14.280

Teixeiras;11.387;							Teixeiras;11.680

Teofilo Otoni;135.549;							Teofilo Otoni;141.269

Timoteo;82.718;								Timoteo;91.268

Tiradentes;7.143;							Tiradentes;8.160

Tiros;6.806;								Tiros;6.369

Tocantins;15.947;							Tocantins;16.769

Tocos do Moji;3.970;							Tocos do Moji;4.117

Toledo;5.846;								Toledo;6.336

Tombos;9.218;								Tombos;7.683
	
Tres Coracoes;73.894;							Tres Coracoes;80.561

Tres Marias;29.036;							Tres Marias;33.062

Tres Pontas;54.289;							Tres Pontas;57.127

Tumiritinga;6.363;							Tumiritinga;6.797

Tupaciguara;24.350;							Tupaciguara;25.466

Turmalina;18.383;							Turmalina;20.280

Turvolandia;4.721;							Turvolandia;5.099

Uba;104.004;								Uba;117.995

Ubai;11.818;								Ubai;12.661

Ubaporanga;12.095;							Ubaporanga;12.514

Uberaba;302.623;							Uberaba;340.277

Uberlandia;619.536;							Uberlandia;706.597

Umburatiba;2.680;							Umburatiba;2.582

Unai;78.703;								Unai;85.461

Uniao de Minas;4.385;							Uniao de Minas;4.265

Uruana de Minas;3.231;							Uruana de Minas;3.256

Urucania;10.279;							Urucania;10.333

Urucuia;14.207;								Urucuia;17.470

Vargem Alegre;6.449;							Vargem Alegre;6.460

Vargem Bonita;2.156;							Vargem Bonita;2.143

Vargem Grande do Rio Pardo;4.775;					Vargem Grande do Rio Pardo;5.045

Varginha;125.208;							Varginha;137.608

Varjao de Minas;6.259;							Varjao de Minas;7.235

Varzea da Palma;36.439;							Varzea da Palma;40.101

Varzelandia;19.108;							Varzelandia;19.290

Vazante;19.844;								Vazante;20.692

Verdelandia;8.523;							Verdelandia;9.527

Veredinha;5.569;							Veredinha;5.733

Verissimo;3.575;							Verissimo;4.090

Vermelho Novo;4.707;							Vermelho Novo;4.852

Vespasiano;108.771;							Vespasiano;131.849

Vicosa;73.333;								Vicosa;79.910

Vieiras;3.698;								Vieiras;3.570

Virgem da Lapa;13.611;							Virgem da Lapa;13.729

Virginia;8.612;								Virginia;8.652

Virginopolis;10.534;							Virginopolis;10.459

Virgolandia;5.590;							Virgolandia;5.303

Visconde do Rio Branco;38.749;						Visconde do Rio Branco;43.351

Volta Grande;5.093;							Volta Grande;5.270

Wenceslau Braz;2.547;							Wenceslau Braz;2.543
