Municipios;Populacao;2012				Municipios; Populacao;2021
 
Angra dos Reis;177.101;					Angra dos Reis;210.171

Aperibe;10.545;						Aperibe;12.036

Araruama;116.418;					Araruama;136.109

Areal;11.654;						Areal;12.763

Armacao dos Buzios;28.973;				Armacao dos Buzios;35.060

Arraial do Cabo;28.295;					Arraial do Cabo;30.827

Barra do Pirai;95.726;					Barra do Pirai;101.139

Barra Mansa;178.880;					Barra Mansa;185.237

Belford Roxo;474.596;					Belford Roxo;515.239

Bom Jardim;25.738;					Bom Jardim;27.779

Bom Jesus do Itabapoana;35.677;				Bom Jesus do Itabapoana;37.306

Cabo Frio;195.197;					Cabo Frio;234.077

Cachoeiras de Macacu;55.139;				Cachoeiras de Macacu;59.652

Cambuci;14.851;						Cambuci;15.521

Campos dos Goytacazes;472.300;				Campos dos Goytacazes;16.859

Cantagalo;19.830;					Cantagalo;8.590

Carapebus;14.024;					Carapebus;514.643

Cardoso Moreira;12.601;					Cardoso Moreira;20.163

Carmo;17.758;						Carmo;12.818

Casimiro de Abreu;37.340;				Casimiro de Abreu;19.161

Comendador Levy Gasparian;8.219;			Comendador Levy Gasparian;45.864

Conceicao de Macabu;21.613;				Conceicao de Macabu;23.561

Cordeiro;20.707;					Cordeiro;22.152

Duas Barras;11.020;					Duas Barras;11.563

Duque de Caxias;867.067;				Duque de Caxias;929.449

Engenheiro Paulo de Frontin;13.408;			Engenheiro Paulo de Frontin;14.138

Guapimirim;53.527;					Guapimirim;62.225

Iguaba Grande;24.079;					Iguaba Grande;29.344

Itaborai;222.618;					Itaborai;244.416

Itaguai;113.182;					Itaguai;136.547

Italva;14.281;						Italva;15.387

Itaocara;22.884;					Itaocara;23.211

Itaperuna;97.219;					Itaperuna;104.354

Itatiaia;29.394;					Itatiaia;32.312

Japeri;97.337;						Japeri;106.296

Laje do Muriae;7.424;					Laje do Muriae;7.298

Macae;217.951;						Macae;266.136

Macuco;5.327;						Macuco;5.646

Mage;230.568;						Mage;247.741

Mangaratiba;38.201;					Mangaratiba;45.941

Marica;135.121;						Marica;167.668

Mendes;18.024;						Mendes;18.681

Mesquita;169.537;					Mesquita;177.016

Miguel Pereira;24.754;					Miguel Pereira;25.622

Miracema;26.810;					Miracema;27.134

Natividade;15.076;					Natividade;15.305

Nilopolis;157.986;					Nilopolis;162.893

Niteroi;491.807;					Niteroi;516.981

Nova Friburgo;183.391;					Nova Friburgo;191.664

Nova Iguacu;801.746;					Nova Iguacu;825.388

Paracambi;48.129;					Paracambi;53.093

Paraiba do Sul;41.639;					Paraiba do Sul;44.741

Parati;38.740;						Parati;44.175

Paty do Alferes;26.575;					Paty do Alferes;27.942

Petropolis;297.192;					Petropolis;307.144

Pinheiral;23.208;					Pinheiral;25.563

Pirai;26.948;						Pirai;29.802

Porciuncula;18.034;					Porciuncula;19.068

Porto Real;17.272;					Porto Real;20.254

Quatis;13.105;						Quatis;14.562

Queimados;140.374;					Queimados;152.311

Quissama;21.234;					Quissama;25.535

Resende;122.068;					Resende;133.244

Rio Bonito;56.436;					Rio Bonito;60.930

Rio Claro;17.606;					Rio Claro;18.677

Rio das Flores;8.703;					Rio das Flores;9.401

Rio das Ostras;116.134;					Rio das Ostras;159.529

Rio de Janeiro;6.390.290;				Rio de Janeiro;6.775.561

Santa Maria Madalena;10.298;				Santa Maria Madalena;10.380

Santo Antonio de Padua;40.876;				Santo Antonio de Padua;42.705

Sao Fidelis;37.657;					Sao Fidelis;42.214

Sao Francisco de Itabapoana;41.386;			Sao Francisco de Itabapoana;38.749

Sao Goncalo;1.016.128;					Sao Goncalo;1.098.357

Sao Joao da Barra;33.512;				Sao Joao da Barra;36.731

Sao Joao de Meriti;460.062;				Sao Joao de Meriti;473.385

Sao Jose de Uba;7.093;					Sao Jose de Uba;7.240

Sao Jose do Vale do Rio Preto;20.540;			Sao Jose do Vale do Rio Preto;22.032

Sao Pedro da Aldeia;91.542;				Sao Pedro da Aldeia;107.556

Sao Sebastiao do Alto;8.970;				Sao Sebastiao do Alto;9.416

Sapucaia;17.581;					Sapucaia;18.270

Saquarema;77.522;					Saquarema;91.938

Seropedica;80.138;					Seropedica;83.841

Silva Jardim;21.362;					Silva Jardim;21.775

Sumidouro;15.010;					Sumidouro;15.709

Tangua;31.438;						Tangua;34.898

Teresopolis;167.622;					Teresopolis;185.820

Trajano de Morais;10.327;				Trajano de Morais;10.653

Tres Rios;78.256;					Tres Rios;82.468

Valenca;72.679;						Valenca;77.202

Varre-Sai;9.720;					Varre-Sai;11.208

Vassouras;34.858;					Vassouras;37.262

Volta Redonda;260.180;					Volta Redonda;274.925
