Municipios;Populacao;2012				Municipios;Populacao;2021

Adamantina;33.843;					Adamantina;35.153

Adolfo;3.538;						Adolfo;3.545

Aguai;32.745;						Aguai;36.981
	
Aguas da Prata;7.653;					Aguas da Prata;8.262

Aguas de Lindoia;17.438;				Aguas de Lindoia;18.908

Aguas de Santa Barbara;5.658;				Aguas de Santa Barbara;6.142

Aguas de Sao Pedro;2.832;				Aguas de Sao Pedro;3.588

Agudos;34.833;						Agudos;37.582

Alambari;5.071;						Alambari;6.231

Alfredo Marcondes;3.921;				Alfredo Marcondes;4.201

Altair;3.859;						Altair;4.211

Altinopolis;15.627;					Altinopolis;16.221

Alto Alegre;4.078;					Alto Alegre;4.078

Aluminio;17.079;					Aluminio;18.903

Alvares Florence;3.834;					Alvares Florence;3.616

Alvares Machado;23.642;					Alvares Machado;25.078

Alvaro de Carvalho;4.732;				Alvaro de Carvalho;5.320

Alvinlandia;3.025;					Alvinlandia;3.251

Americana;214.873;					Americana;244.370

Americo Brasiliense;35.413;				Americo Brasiliense;41.545

Americo de Campos;5.723;				Americo de Campos;5.993

Amparo;66.649;						Amparo;73.145

Analandia;4.401;					Analandia;5.115

Andradina;55.361;					Andradina;57.245

Angatuba;22.650;					Angatuba;25.724

Anhembi;5.822;						Anhembi;6.911

Anhumas;3.788;						Anhumas;4.172

Aparecida;35.023;					Aparecida;36.211

Aparecida d'Oeste;4.377;				Aparecida d'Oeste;4.122

Apiai;24.894;						Apiai;24.081

Aracariguama;17.975;					Aracariguama;23.343

Aracatuba;183.441;					Aracatuba;199.210

Aracoiaba da Serra;28.429;				Aracoiaba da Serra;35.389

Aramina;5.211;						Aramina;5.689

Arandu;6.132;						Arandu;6.373

Arapei;2.475;						Arapei;2.452

Araraquara;212.617;					Araraquara;240.542

Araras;121.055;						Araras;136.739

Arco-Iris;1.890;					Arco-Iris;1.755

Arealva;7.932;						Arealva;8.665

Areias;3.711;						Areias;3.906

Areiopolis;10.622;					Areiopolis;11.186

Ariranha;8.709;						Ariranha;9.851

Artur Nogueira;45.847;					Artur Nogueira;56.247

Aruja;77.279;						Aruja;92.453

Aspasia;1.802;						Aspasia;1.815

Assis;96.336;						Assis;105.768

Atibaia;128.914;					Atibaia;145.378

Auriflama;14.307;					Auriflama;15.316

Avai;5.014;						Avai;5.467

Avanhandava;11.685;					Avanhandava;14.063

Avare;83.910;						Avare;91.792

Bady Bassitt;15.065;					Bady Bassitt;18.013

Balbinos;4.063;						Balbinos;6.127

Balsamo;8.284;						Balsamo;9.209

Bananal;10.301;						Bananal;11.039

Barao de Antonina;3.165;				Barao de Antonina;3.525

Barbosa;6.708;						Barbosa;7.532

Bariri;32.102;						Bariri;35.844

Barra Bonita;35.210;					Barra Bonita;36.125

Barra do Chapeu;5.305;					Barra do Chapeu;5.794

Barra do Turvo;7.672;					Barra do Turvo;7.606

Barretos;113.338;					Barretos;123.546

Barrinha;29.144;					Barrinha;33.537

Barueri;245.652;					Barueri;279.704

Bastos;20.424;						Bastos;20.952

Batatais;57.286;					Batatais;63.438

Bauru;348.146;						Bauru;381.706

Bebedouro;75.069;					Bebedouro;77.612

Bento de Abreu;2.717;					Bento de Abreu;3.028

Bernardino de Campos;10.784;				Bernardino de Campos;11.168

Bertioga;50.304;					Bertioga;66.154

Bilac;7.193;						Bilac;8.197

Birigui;110.907;					Birigui;126.094

Biritiba-Mirim;29.168;					Biritiba-Mirim;33.265

Boa Esperanca do Sul;13.807;				Boa Esperanca do Sul;15.111

Bocaina;11.073;						Bocaina;12.571

Bofete;9.960;						Bofete;12.107

Boituva;50.420;						Boituva;63.310

Bom Jesus dos Perdoes;20.674;				Bom Jesus dos Perdoes;26.506

Bom Sucesso de Itarare;3.623;				Bom Sucesso de Itarare;4.013

Bora;807;						Bora;839

Boraceia;4.348;						Boraceia;4.913

Borborema;14.731;					Borborema;16.278

Borebi;2.348;						Borebi;2.713

Botucatu;130.201;					Botucatu;149.718

Braganca Paulista;150.023;				Braganca Paulista;172.346

Brauna;5.118;						Brauna;5.795

Brejo Alegre;2.614;					Brejo Alegre;2.911

Brodowski;21.707;					Brodowski;25.605

Brotas;21.987;						Brotas;24.862

Buri;18.705;						Buri;20.050

Buritama;15.655;					Buritama;17.414

Buritizal;4.111;					Buritizal;4.547

Cabralia Paulista;4.322;				Cabralia Paulista;4.222

Cabreuva;42.889;					Cabreuva;51.130

Cacapava;86.054;					Cacapava;95.752

Cachoeira Paulista;30.527;				Cachoeira Paulista;33.827

Caconde;18.563;						Caconde;19.031

Cafelandia;16.730;					Cafelandia;17.917

Caiabu;4.072;						Caiabu;4.195

Caieiras;88.841;					Caieiras;104.044

Caiua;5.167;						Caiua;6.017

Cajamar;66.131;						Cajamar;79.034

Cajati;28.243;						Cajati;28.441

Cajobi;9.858;						Cajobi;10.649

Cajuru;23.763;						Cajuru;26.613

Campina do Monte Alegre;5.622;				Campina do Monte Alegre;6.088

Campinas;1.098.630;					Campinas;1.223.237

Campo Limpo Paulista;75.637;				Campo Limpo Paulista;86.407

Campos do Jordao;48.324;				Campos do Jordao;52.713

Campos Novos Paulista;4.594;				Campos Novos Paulista;5.028

Cananeia;12.216;					Cananeia;12.542

Canas;4.502;						Canas;5.268

Candido Mota;29.976;					Candido Mota;31.410

Candido Rodrigues;2.677;				Candido Rodrigues;2.805

Canitar;4.504;						Canitar;5.365

Capao Bonito;46.095;					Capao Bonito;47.098

Capela do Alto;18.029;					Capela do Alto;21.257

Capivari;49.650;					Capivari;56.973

Caraguatatuba;104.150;					Caraguatatuba;125.194

Carapicuiba;373.358;					Carapicuiba;405.375

Cardoso;11.836;						Cardoso;12.371

Casa Branca;28.535;					Casa Branca;30.655

Cassia dos Coqueiros;2.599;				Cassia dos Coqueiros;2.488

Castilho;18.465;					Castilho;21.521

Catanduva;113.873;					Catanduva;123.114

Catigua;7.214;						Catigua;7.905

Cedral;8.165;						Cedral;9.452

Cerqueira Cesar;17.893;					Cerqueira Cesar;20.391

Cerquilho;41.144;					Cerquilho;50.631

Cesario Lange;15.942;					Cesario Lange;18.595

Charqueada;15.395;					Charqueada;17.539

Chavantes;12.102;					Chavantes;12.418

Clementina;7.316;					Clementina;8.894

Colina;17.478;						Colina;18.601

Colombia;6.001;						Colombia;6.223

Conchal;25.615;						Conchal;28.491

Conchas;16.497;						Conchas;18.138

Cordeiropolis;21.607;					Cordeiropolis;25.116

Coroados;5.362;						Coroados;6.197

Coronel Macedo;4.913;					Coronel Macedo;4.591

Corumbatai;3.887;					Corumbatai;4.072

Cosmopolis;61.013;					Cosmopolis;74.662

Cosmorama;7.191;					Cosmorama;7.289

Cotia;209.027;						Cotia;257.882

Cravinhos;32.187;					Cravinhos;35.858

Cristais Paulista;7.741;				Cristais Paulista;8.803

Cruzalia;2.224;						Cruzalia;2.021

Cruzeiro;77.575;					Cruzeiro;82.895

Cubatao;120.293;					Cubatao;132.521

Cunha;21.682;						Cunha;21.373

Descalvado;31.379;					Descalvado;34.097

Diadema;390.980;					Diadema;429.550

Dirce Reis;1.699;					Dirce Reis;1.805

Divinolandia;11.086;					Divinolandia;11.027

Dobrada;8.080;						Dobrada;9.088

Dois Corregos;25.100;					Dois Corregos;27.704

Dolcinopolis;2.088;					Dolcinopolis;2.108

Dourado;8.610;						Dourado;8.883

Dracena;43.675;						Dracena;47.287

Duartina;12.218;					Duartina;12.421

Dumont;8.421;						Dumont;10.174

Echapora;6.242;						Echapora;6.026

Eldorado;14.718;					Eldorado;15.592

Elias Fausto;16.060;					Elias Fausto;18.095

Elisiario;3.202;					Elisiario;3.742

Embauba;2.415;						Embauba;2.446

Embu;245.148;						Embu;279.264

Embu-Guacu;63.653;					Embu-Guacu;70.402

Emilianopolis;3.040;					Emilianopolis;3.238

Engenheiro Coelho;16.580;				Engenheiro Coelho;21.712

Espirito Santo do Pinhal;42.123;			Espirito Santo do Pinhal;44.607

Espirito Santo do Turvo;4.330;				Espirito Santo do Turvo;4.926

Estiva Gerbi;10.224;					Estiva Gerbi;11.507

Estrela do Norte;2.663;					Estrela do Norte;2.774

Estrela d'Oeste;8.201;					Estrela d'Oeste;8.420

Euclides da Cunha Paulista;9.491;			Euclides da Cunha Paulista;9.280

Fartura;15.367;						Fartura;16.102

Fernando Prestes;5.550;					Fernando Prestes;5.805

Fernandopolis;65.157;					Fernandopolis;69.680

Fernao;1.583;						Fernao;1.739

Ferraz de Vasconcelos;172.222;				Ferraz de Vasconcelos;198.661

Flora Rica;1.688;					Flora Rica;1.397

Floreal;2.970;						Floreal;2.884

Florida Paulista;13.112;				Florida Paulista;14.936

Florinia;2.785;						Florinia;2.631

Franca;323.307;						Franca;358.539

Francisco Morato;157.603;				Francisco Morato;179.372

Franco da Rocha;135.150;				Franco da Rocha;158.438

Gabriel Monteiro;2.706;					Gabriel Monteiro;2.776

Galia;6.884;						Galia;6.419

Garca;43.108;						Garca;44.429

Gastao Vidigal;4.285;					Gastao Vidigal;4.911

Gaviao Peixoto;4.464;					Gaviao Peixoto;4.841

General Salgado;10.646;					General Salgado;10.855

Getulina;10.825;					Getulina;11.485

Glicerio;4.586;						Glicerio;4.842

Guaicara;10.891;					Guaicara;12.416

Guaimbe;5.458;						Guaimbe;5.806

Guaira;37.826;						Guaira;41.283

Guapiacu;18.441;					Guapiacu;22.087

Guapiara;17.738;					Guapiara;16.896

Guara;20.001;						Guara;21.394

Guaracai;8.366;						Guaracai;8.258

Guaraci;10.147;						Guaraci;11.382

Guarani d'Oeste;1.965;					Guarani d'Oeste;1.996

Guaranta;6.417;						Guaranta;6.685

Guararapes;30.862;					Guararapes;33.257

Guararema;26.439;					Guararema;30.465

Guaratingueta;113.258;					Guaratingueta;123.192

Guarei;15.225;						Guarei;19.244

Guariba;36.151;						Guariba;40.857

Guaruja;294.669;					Guaruja;324.977

Guarulhos;1.244.518;					Guarulhos;1.404.694

Guatapara;7.056;					Guatapara;7.760

Guzolandia;4.824;					Guzolandia;5.346

Herculandia;8.803;					Herculandia;9.649

Holambra;11.917;					Holambra;15.605

Hortolandia;198.758;					Hortolandia;237.570

Iacanga;10.275;						Iacanga;12.002

Iacri;6.365;						Iacri;6.269

Iaras;6.878;						Iaras;9.786

Ibate;31.380;						Ibate;35.830

Ibira;11.115;						Ibira;12.639

Ibirarema;6.880;					Ibirarema;7.926

Ibitinga;54.146;					Ibitinga;61.150

Ibiuna;72.249;						Ibiuna;80.062

Icem;7.567;						Icem;8.363

Iepe;7.685;						Iepe;8.228

Igaracu do Tiete;23.475;				Igaracu do Tiete;24.821

Igarapava;28.259;					Igarapava;30.791

Igarata;8.913;						Igarata;9.631

Iguape;29.055;						Iguape;31.117

Ilha Comprida;9.376;					Ilha Comprida;11.552

Ilha Solteira;25.226;					Ilha Solteira;26.886

Ilhabela;29.308;					Ilhabela;36.194

Indaiatuba;209.859;					Indaiatuba;260.690

Indiana;4.809;						Indiana;4.873

Indiapora;3.880;					Indiapora;3.876

Inubia Paulista;3.678;					Inubia Paulista;4.045

Ipaussu;13.831;						Ipaussu;15.165

Ipero;29.798;						Ipero;38.771

Ipeuna;6.270;						Ipeuna;7.824

Ipigua;4.613;						Ipigua;5.557

Iporanga;4.260;						Iporanga;4.180

Ipua;14.492;						Ipua;16.794

Iracemapolis;20.705;					Iracemapolis;24.982

Irapua;7.369;						Irapua;8.101

Irapuru;7.840;						Irapuru;8.356

Itabera;17.699;						Itabera;17.405

Itai;24.457;						Itai;27.632

Itajobi;14.606;						Itajobi;15.331

Itaju;3.338;						Itaju;3.937

Itanhaem;89.332;					Itanhaem;104.351

Itaoca;3.229;						Itaoca;3.332

Itapecerica da Serra;156.077;				Itapecerica da Serra;179.574

Itapetininga;147.219;					Itapetininga;167.106

Itapeva;88.491;						Itapeva;95.241

Itapevi;206.558;					Itapevi;244.131

Itapira;69.317;						Itapira;75.683

Itapirapua Paulista;3.926;				Itapirapua Paulista;4.294

Itapolis;40.399;					Itapolis;43.536

Itaporanga;14.579;					Itaporanga;15.197

Itapui;12.446;						Itapui;14.297

Itapura;4.436;						Itapura;4.994

Itaquaquecetuba;329.144;				Itaquaquecetuba;379.082

Itarare;48.143;						Itarare;50.778

Itariri;15.752;						Itariri;17.754

Itatiba;104.533;					Itatiba;124.254

Itatinga;18.446;					Itatinga;21.139

Itirapina;15.930;					Itirapina;18.610

Itirapua;5.990;						Itirapua;6.587

Itobi;7.559;						Itobi;7.862

Itu;156.983;						Itu;177.150

Itupeva;47.682;						Itupeva;64.330

Ituverava;39.062;					Ituverava;42.259

Jaborandi;6.618;					Jaborandi;6.963

Jaboticabal;72.305;					Jaboticabal;78.029

Jacarei;214.223;					Jacarei;237.119

Jaci;5.890;						Jaci;7.322

Jacupiranga;17.234;					Jacupiranga;17.911

Jaguariuna;46.533;					Jaguariuna;59.921

Jales;47.137;						Jales;49.291

Jambeiro;5.554;						Jambeiro;6.828

Jandira;110.842;					Jandira;127.734

Jardinopolis;38.708;					Jardinopolis;45.544

Jarinu;24.875;						Jarinu;31.173

Jau;133.900;						Jau;153.463

Jeriquara;3.142;					Jeriquara;3.143

Joanopolis;11.974;					Joanopolis;13.453

Joao Ramalho;4.197;					Joao Ramalho;4.577

Jose Bonifacio;33.375;					Jose Bonifacio;37.707

Julio Mesquita;4.470;					Julio Mesquita;4.824

Jumirim;2.889;						Jumirim;3.467

Jundiai;377.183;					Jundiai;426.935

Junqueiropolis;18.986;					Junqueiropolis;20.978

Juquia;19.055;						Juquia;18.627

Juquitiba;29.081;					Juquitiba;31.844

Lagoinha;4.824;						Lagoinha;4.882

Laranjal Paulista;25.721;				Laranjal Paulista;29.047

Lavinia;9.330;						Lavinia;12.581

Lavrinhas;6.678;					Lavrinhas;7.361

Leme;93.417;						Leme;105.273

Lencois Paulista;62.393;				Lencois Paulista;69.533

Limeira;280.096;					Limeira;310.783

Lindoia;6.912;						Lindoia;8.201

Lins;72.260;						Lins;78.978

Lorena;83.224;						Lorena;89.532

Lourdes;2.147;						Lourdes;2.311

Louveira;39.122;					Louveira;51.007

Lucelia;20.119;						Lucelia;22.022

Lucianopolis;2.264;					Lucianopolis;2.412

Luis Antonio;11.910;					Luis Antonio;15.628

Luiziania;5.145;					Luiziania;5.918

Lupercio;4.372;						Lupercio;4.608

Lutecia;2.687;						Lutecia;2.623

Macatuba;16.336;					Macatuba;17.263

Macaubal;7.705;						Macaubal;8.174

Macedonia;3.650;					Macedonia;3.686

Magda;3.167;						Magda;3.086

Mairinque;43.714;					Mairinque;47.723

Mairipora;84.104;					Mairipora;103.645

Manduri;9.101;						Manduri;9.972

Maraba Paulista;4.981;					Maraba Paulista;6.039

Maracai;13.382;						Maracai;14.069

Marapoama;2.693;					Marapoama;3.097

Mariapolis;3.926;					Mariapolis;4.098

Marilia;219.664;					Marilia;242.249

Marinopolis;2.101;					Marinopolis;2.101

Martinopolis;24.502;					Martinopolis;26.791

Matao;77.546;						Matao;84.069

Maua;425.169;						Maua;481.725

Mendonca;4.774;						Mendonca;5.638

Meridiano;3.830;					Meridiano;3.813

Mesopolis;1.880;					Mesopolis;1.903

Miguelopolis;20.668;					Miguelopolis;22.480

Mineiros do Tiete;12.133;				Mineiros do Tiete;13.023

Mira Estrela;2.854;					Mira Estrela;3.125

Miracatu;20.322;					Miracatu;19.511

Mirandopolis;27.717;					Mirandopolis;29.844

Mirante do Paranapanema;17.187;				Mirante do Paranapanema;18.415

Mirassol;54.618;					Mirassol;60.768

Mirassolandia;4.379;					Mirassolandia;4.966

Mococa;66.399;						Mococa;69.072

Mogi das Cruzes;396.468;				Mogi das Cruzes;455.587

Mogi Guacu;139.211;					Mogi Guacu;154.146

Moji Mirim;87.266;					Moji Mirim;94.098

Mombuca;3.291;						Mombuca;3.523

Moncoes;2.144;						Moncoes;2.274

Mongagua;47.984;					Mongagua;58.567

Monte Alegre do Sul;7.278;				Monte Alegre do Sul;8.181

Monte Alto;47.100;					Monte Alto;51.039

Monte Aprazivel;22.250;					Monte Aprazivel;25.651

Monte Azul Paulista;18.838;				Monte Azul Paulista;18.928

Monte Castelo;4.060;					Monte Castelo;4.166

Monte Mor;50.702;					Monte Mor;61.707

Monteiro Lobato;4.197;					Monteiro Lobato;4.739

Morro Agudo;29.673;					Morro Agudo;33.598

Morungaba;12.050;					Morungaba;13.936

Motuca;4.354;						Motuca;4.831

Murutinga do Sul;4.219;					Murutinga do Sul;4.525

Nantes;2.774;						Nantes;3.215

Narandiba;4.371;					Narandiba;4.950

Natividade da Serra;6.637;				Natividade da Serra;6.624

Nazare Paulista;16.717;					Nazare Paulista;18.866

Neves Paulista;8.752;					Neves Paulista;8.917

Nhandeara;10.806;					Nhandeara;11.575

Nipoa;4.427;						Nipoa;5.381

Nova Alianca;6.061;					Nova Alianca;7.161

Nova Campina;8.700;					Nova Campina;9.962

Nova Canaa Paulista;2.059;				Nova Canaa Paulista;1.824

Nova Castilho;1.146;					Nova Castilho;1.290

Nova Europa;9.601;					Nova Europa;11.519

Nova Granada;19.507;					Nova Granada;21.871

Nova Guataporanga;2.191;				Nova Guataporanga;2.333

Nova Independencia;3.220;				Nova Independencia;4.135

Nova Luzitania;3.546;					Nova Luzitania;4.217

Nova Odessa;52.627;					Nova Odessa;61.716

Novais;4.799;						Novais;6.057

Novo Horizonte;37.222;					Novo Horizonte;41.765

Nuporanga;6.894;					Nuporanga;7.522

Ocaucu;4.163;						Ocaucu;4.294

Oleo;2.625;						Oleo;2.447

Olimpia;50.630;						Olimpia;55.477

Onda Verde;3.956;					Onda Verde;4.462

Oriente;6.141;						Oriente;6.569

Orindiuva;5.904;					Orindiuva;7.318

Orlandia;40.352;					Orlandia;44.682

Osasco;668.877;						Osasco;701.428

Oscar Bressane;2.535;					Oscar Bressane;2.603

Osvaldo Cruz;31.109;					Osvaldo Cruz;33.118

Ourinhos;104.420;					Ourinhos;115.139

Ouro Verde;7.899;					Ouro Verde;8.676

Ouroeste;8.725;						Ouroeste;10.712

Pacaembu;13.333;					Pacaembu;14.326

Palestina;11.346;					Palestina;13.285

Palmares Paulista;11.312;				Palmares Paulista;13.691

Palmeira d'Oeste;9.473;					Palmeira d'Oeste;9.173

Palmital;21.260;					Palmital;22.322

Panorama;14.725;					Panorama;15.944

Paraguacu Paulista;42.680;				Paraguacu Paulista;46.180

Paraibuna;17.446;					Paraibuna;18.302

Paraiso;5.969;						Paraiso;6.536

Paranapanema;18.155;					Paranapanema;20.588

Paranapua;3.843;					Paranapua;4.112

Parapua;10.805;						Parapua;10.934

Pardinho;5.711;						Pardinho;6.579

Pariquera-Acu;18.567;					Pariquera-Acu;19.797

Parisi;2.045;						Parisi;2.177

Patrocinio Paulista;13.240;				Patrocinio Paulista;14.941

Pauliceia;6.496;					Pauliceia;7.540

Paulinia;86.800;					Paulinia;114.508

Paulistania;1.779;					Paulistania;1.835

Paulo de Faria;8.607;					Paulo de Faria;8.973

Pederneiras;42.235;					Pederneiras;47.523

Pedra Bela;5.806;					Pedra Bela;6.127

Pedranopolis;2.532;					Pedranopolis;2.468

Pedregulho;15.807;					Pedregulho;16.876

Pedreira;42.516;					Pedreira;48.992

Pedrinhas Paulista;2.952;				Pedrinhas Paulista;3.109

Pedro de Toledo;10.358;					Pedro de Toledo;11.507

Penapolis;59.096;					Penapolis;64.098

Pereira Barreto;24.953;					Pereira Barreto;25.685

Pereiras;7.640;						Pereiras;8.875

Peruibe;61.030;						Peruibe;69.697

Piacatu;5.387;						Piacatu;6.093

Piedade;52.447;						Piedade;55.731

Pilar do Sul;26.778;					Pilar do Sul;29.612

Pindamonhangaba;150.162;				Pindamonhangaba;171.885

Pindorama;15.331;					Pindorama;17.378

Pinhalzinho;13.425;					Pinhalzinho;15.564

Piquerobi;3.546;					Piquerobi;3.706

Piquete;13.942;						Piquete;13.495

Piracaia;25.384;					Piracaia;27.617

Piracicaba;369.919;					Piracicaba;410.275

Piraju;28.563;						Piraju;29.930

Pirajui;23.098;						Pirajui;25.939

Pirangi;10.712;						Pirangi;11.524

Pirapora do Bom Jesus;16.238;				Pirapora do Bom Jesus;19.453

Pirapozinho;25.086;					Pirapozinho;27.974

Pirassununga;70.869;					Pirassununga;77.330

Piratininga;12.297;					Piratininga;13.890

Pitangueiras;35.934;					Pitangueiras;40.430

Planalto;4.583;						Planalto;5.370

Platina;3.242;						Platina;3.606

Poa;107.556;						Poa;119.221

Poloni;5.489;						Poloni;6.166

Pompeia;20.235;						Pompeia;22.326

Pongai;3.449;						Pongai;3.385

Pontal;41.840;						Pontal;51.717

Pontalinda;4.155;					Pontalinda;4.719

Pontes Gestal;2.515;					Pontes Gestal;2.576

Populina;4.189;						Populina;4.136

Porangaba;8.579;					Porangaba;10.205

Porto Feliz;49.404;					Porto Feliz;53.698

Porto Ferreira;51.999;					Porto Ferreira;56.848

Potim;20.272;						Potim;25.603

Potirendaba;15.720;					Potirendaba;17.668

Pracinha;3.074;						Pracinha;4.327

Pradopolis;18.052;					Pradopolis;22.239

Praia Grande;272.390;					Praia Grande;336.454

Pratania;4.697;						Pratania;5.371

Presidente Alves;4.094;					Presidente Alves;4.067

Presidente Bernardes;13.406;				Presidente Bernardes;12.943

Presidente Epitacio;41.624;				Presidente Epitacio;44.572

Presidente Prudente;210.393;				Presidente Prudente;231.953

Presidente Venceslau;37.996;				Presidente Venceslau;39.648

Promissao;36.364;					Promissao;41.211

Quadra;3.325;						Quadra;3.902

Quata;12.972;						Quata;14.309

Queiroz;2.905;						Queiroz;3.513

Queluz;11.641;						Queluz;13.788

Quintana;6.089;						Quintana;6.736

Rafard;8.651;						Rafard;9.126

Rancharia;28.809;					Rancharia;29.743

Redencao da Serra;3.847;				Redencao da Serra;3.827

Regente Feijo;18.720;					Regente Feijo;20.523

Reginopolis;7.713;					Reginopolis;10.047

Registro;54.338;					Registro;56.463

Restinga;6.739;						Restinga;7.762

Ribeira;3.336;						Ribeira;3.320

Ribeirao Bonito;12.270;					Ribeirao Bonito;13.376

Ribeirao Branco;17.822;					Ribeirao Branco;15.984

Ribeirao Corrente;4.333;				Ribeirao Corrente;4.786

Ribeirao do Sul;4.439;					Ribeirao do Sul;4.537
		
Ribeirao dos Indios;2.182;				Ribeirao dos Indios;2.222

Ribeirao Grande;7.427;					Ribeirao Grande;7.686

Ribeirao Pires;114.361;					Ribeirao Pires;125.238
	
Ribeirao Preto;619.746;					Ribeirao Preto;720.116

Rifaina;3.453;						Rifaina;3.651

Rincao;10.427;						Rincao;10.824

Rinopolis;9.887;					Rinopolis;9.940

Rio Claro;188.977;					Rio Claro;209.548

Rio das Pedras;30.409;					Rio das Pedras;36.233

Rio Grande da Serra;45.014;				Rio Grande da Serra;52.009

Riolandia;10.880;					Riolandia;12.856

Riversul;6.008;						Riversul;5.364

Rosana;19.006;						Rosana;15.929

Roseira;9.754;						Roseira;10.888

Rubiacea;2.789;						Rubiacea;3.195

Rubineia;2.900;						Rubineia;3.191

Sabino;5.258;						Sabino;5.638

Sagres;2.389;						Sagres;2.427

Sales;5.586;						Sales;6.481

Sales Oliveira;10.756;					Sales Oliveira;12.103

Salesopolis;15.828;					Salesopolis;17.363

Salmourao;4.881;					Salmourao;5.372

Saltinho;7.250;						Saltinho;8.498

Salto;107.382;						Salto;120.779

Salto de Pirapora;40.897;				Salto de Pirapora;46.285

Salto Grande;8.839;					Salto Grande;9.396

Sandovalina;3.792;					Sandovalina;4.405

Santa Adelia;14.467;					Santa Adelia;15.639

Santa Albertina;5.744;					Santa Albertina;6.036

Santa Barbara d'Oeste;181.509;				Santa Barbara d'Oeste;195.278

Santa Branca;13.877;					Santa Branca;14.925

Santa Clara d'Oeste;2.079;				Santa Clara d'Oeste;2.111

Santa Cruz da Conceicao;4.074;				Santa Cruz da Conceicao;4.584

Santa Cruz da Esperanca;1.977;				Santa Cruz da Esperanca;2.166

Santa Cruz das Palmeiras;30.593;			Santa Cruz das Palmeiras;35.102

Santa Cruz do Rio Pardo;44.375;				Santa Cruz do Rio Pardo;48.207

Santa Ernestina;5.542;					Santa Ernestina;5.577

Santa Fe do Sul;29.651;					Santa Fe do Sul;32.796

Santa Gertrudes;22.499;					Santa Gertrudes;27.850

Santa Isabel;51.467;					Santa Isabel;58.529

Santa Lucia;8.308;					Santa Lucia;8.889

Santa Maria da Serra;5.525;				Santa Maria da Serra;6.298

Santa Mercedes;2.836;					Santa Mercedes;2.947

Santa Rita do Passa Quatro;26.530;			Santa Rita do Passa Quatro;27.641

Santa Rita d'Oeste;2.521;				Santa Rita d'Oeste;2.476

Santa Rosa de Viterbo;24.229;				Santa Rosa de Viterbo;26.960

Santa Salete;1.458;					Santa Salete;1.558

Santana da Ponte Pensa;1.603;				Santana da Ponte Pensa;1.448

Santana de Parnaiba;113.945;				Santana de Parnaiba;145.073

Santo Anastacio;20.434;					Santo Anastacio;20.855

Santo Andre;680.496;					Santo Andre;723.889

Santo Antonio da Alegria;6.386;				Santo Antonio da Alegria;7.024

Santo Antonio de Posse;21.032;				Santo Antonio de Posse;23.742

Santo Antonio do Aracangua;7.732;			Santo Antonio do Aracangua;8.541

Santo Antonio do Jardim;5.912;				Santo Antonio do Jardim;5.926

Santo Antonio do Pinhal;6.510;				Santo Antonio do Pinhal;6.843

Santo Expedito;2.845;					Santo Expedito;3.159

Santopolis do Aguapei;4.347;				Santopolis do Aguapei;4.856

Santos;419.614;						Santos;433.991

Sao Bento do Sapucai;10.486;				Sao Bento do Sapucai;10.907

Sao Bernardo do Campo;774.886;				Sao Bernardo do Campo;849.874

Sao Caetano do Sul;150.638;				Sao Caetano do Sul;162.763

Sao Carlos;226.322;					Sao Carlos;256.915

Sao Francisco;2.783;					Sao Francisco;2.813

Sao Joao da Boa Vista;84.584;				Sao Joao da Boa Vista;92.315

Sao Joao das Duas Pontes;2.552;				Sao Joao das Duas Pontes;2.555

Sao Joao de Iracema;1.797;				Sao Joao de Iracema;1.942

Sao Joao do Pau d'Alho;2.092;				Sao Joao do Pau d'Alho;2.095

Sao Joaquim da Barra;47.256;				Sao Joaquim da Barra;52.737

Sao Jose da Bela Vista;8.456;				Sao Jose da Bela Vista;8.991

Sao Jose do Barreiro;4.068;				Sao Jose do Barreiro;4.141

Sao Jose do Rio Pardo;52.176;				Sao Jose do Rio Pardo;55.298

Sao Jose do Rio Preto;415.769;				Sao Jose do Rio Preto;469.173

Sao Jose dos Campos;643.603;				Sao Jose dos Campos;737.310

Sao Lourenco da Serra;14.241;				Sao Lourenco da Serra;16.127

Sao Luis do Paraitinga;10.393;				Sao Luis do Paraitinga;10.693

Sao Manuel;38.614;					Sao Manuel;41.287

Sao Miguel Arcanjo;31.549;				Sao Miguel Arcanjo;33.071

Sao Paulo;11.376.685;					Sao Paulo;12.396.372

Sao Pedro;32.231;					Sao Pedro;36.298

Sao Pedro do Turvo;7.245;				Sao Pedro do Turvo;7.724

Sao Roque;80.661;					Sao Roque;93.076

Sao Sebastiao;76.344;					Sao Sebastiao;91.637

Sao Sebastiao da Grama;12.046;				Sao Sebastiao da Grama;12.137

Sao Simao;14.448;					Sao Simao;15.446

Sao Vicente;336.809;					Sao Vicente;370.839

Sarapui;9.212;						Sarapui;10.493

Sarutaia;3.605;						Sarutaia;3.623

Sebastianopolis do Sul;3.105;				Sebastianopolis do Sul;3.595

Serra Azul;11.832;					Serra Azul;15.292

Serra Negra;26.770;					Serra Negra;29.669

Serrana;39.826;						Serrana;46.166

Sertaozinho;112.401;					Sertaozinho;128.432

Sete Barras;12.898;					Sete Barras;12.731

Severinia;15.788;					Severinia;17.820

Silveiras;5.855;					Silveiras;6.375

Socorro;37.288;						Socorro;41.690

Sorocaba;600.692;					Sorocaba;695.328

Sud Mennucci;7.446;					Sud Mennucci;7.738

Sumare;246.247;						Sumare;289.875

Suzanapolis;3.473;					Suzanapolis;4.063

Suzano;267.583;						Suzano;303.397

Tabapua;11.495;						Tabapua;12.561

Tabatinga;14.943;					Tabatinga;16.787

Taboao da Serra;251.608;				Taboao da Serra;297.528

Taciba;5.789;						Taciba;6.371

Taguai;11.336;						Taguai;14.415

Taiacu;5.936;						Taiacu;6.346

Taiuva;5.439;						Taiuva;5.562

Tambau;22.429;						Tambau;23.255

Tanabi;24.277;						Tanabi;26.231

Tapirai;7.928;						Tapirai;7.725

Tapiratiba;12.707;					Tapiratiba;12.940

Taquaral;2.727;						Taquaral;2.815

Taquaritinga;54.279;					Taquaritinga;57.547

Taquarituba;22.338;					Taquarituba;23.292

Taquarivai;5.254;					Taquarivai;5.968

Tarabai;6.731;						Tarabai;7.609

Taruma;13.209;						Taruma;15.361

Tatui;109.425;						Tatui;124.134

Taubate;283.899;					Taubate;320.820

Tejupa;4.730;						Tejupa;4.452

Teodoro Sampaio;21.595;					Teodoro Sampaio;23.395

Terra Roxa;8.619;					Terra Roxa;9.502

Tiete;37.609;						Tiete;42.946

Timburi;2.634;						Timburi;2.647

Torre de Pedra;2.271;					Torre de Pedra;2.432

Torrinha;9.405;						Torrinha;10.100

Trabiju;1.569;						Trabiju;1.752

Tremembe;41.915;					Tremembe;48.228

Tres Fronteiras;5.468;					Tres Fronteiras;5.856

Tuiuti;6.078;						Tuiuti;7.058

Tupa;63.498;						Tupa;65.615

Tupi Paulista;14.418;					Tupi Paulista;15.670

Turiuba;1.936;						Turiuba;2.024

Turmalina;1.920;					Turmalina;1.667

Ubarana;5.451;						Ubarana;6.488

Ubatuba;80.604;						Ubatuba;92.819

Ubirajara;4.468;					Ubirajara;4.828

Uchoa;9.537;						Uchoa;10.191

Uniao Paulista;1.636;					Uniao Paulista;1.886

Urania;8.838;						Urania;9.125

Uru;1.228;						Uru;1.142

Urupes;12.848;						Urupes;13.965

Valentim Gentil;11.404;					Valentim Gentil;13.732

Valinhos;110.390;					Valinhos;133.169

Valparaiso;23.181;					Valparaiso;27.154

Vargem;9.077;						Vargem;10.842

Vargem Grande do Sul;39.714;				Vargem Grande do Sul;43.368

Vargem Grande Paulista;44.555;				Vargem Grande Paulista;54.315

Varzea Paulista;109.247;				Varzea Paulista;124.269

Vera Cruz;10.722;					Vera Cruz;10.804

Vinhedo;66.087;						Vinhedo;81.516

Viradouro;17.499;					Viradouro;19.133

Vista Alegre do Alto;7.208;				Vista Alegre do Alto;9.163

Vitoria Brasil;1.747;					Vitoria Brasil;1.852

Votorantim;110.755;					Votorantim;124.468

Votuporanga;86.059;					Votuporanga;96.106

Zacarias;2.394;						Zacarias;2.784

